               epoch,      train/box_loss,      train/obj_loss,      train/cls_loss,   metrics/precision,      metrics/recall,     metrics/mAP_0.5,metrics/mAP_0.5:0.95,        val/box_loss,        val/obj_loss,        val/cls_loss,               x/lr0,               x/lr1,               x/lr2
                   0,             0.10091,            0.026981,                   0,          0.00068281,             0.20484,           0.0004666,          0.00015839,            0.091685,            0.023181,                   0,            0.070484,           0.0032796,           0.0032796
                   1,            0.091515,             0.02579,                   0,          0.00084427,             0.25328,           0.0012734,          0.00032184,            0.080672,            0.023062,                   0,            0.040418,           0.0065474,           0.0065474
                   2,            0.075759,            0.026605,                   0,           0.0022766,             0.67608,             0.01452,           0.0031272,            0.070169,            0.022223,                   0,            0.010287,           0.0097493,           0.0097493
                   3,            0.056993,            0.028909,                   0,           0.0033266,             0.99798,            0.019876,           0.0068508,             0.06335,            0.022066,                   0,            0.009703,            0.009703,            0.009703
                   4,            0.048856,            0.026892,                   0,             0.25794,             0.35776,             0.16322,            0.071107,             0.04387,            0.027792,                   0,            0.009703,            0.009703,            0.009703
                   5,            0.042672,            0.023918,                   0,             0.65316,             0.62059,             0.67464,              0.2486,            0.040907,             0.01723,                   0,            0.009604,            0.009604,            0.009604
                   6,            0.042001,             0.02032,                   0,             0.83019,             0.87487,             0.91469,             0.29311,            0.037936,            0.016727,                   0,            0.009505,            0.009505,            0.009505
                   7,             0.04039,            0.017344,                   0,             0.96873,             0.96065,             0.99039,             0.47125,            0.032561,            0.013138,                   0,            0.009406,            0.009406,            0.009406
                   8,            0.037929,            0.015178,                   0,             0.77419,             0.95485,             0.85362,             0.44818,            0.029817,            0.011239,                   0,            0.009307,            0.009307,            0.009307
                   9,            0.037592,            0.013597,                   0,             0.98235,             0.95462,             0.98359,             0.47365,            0.029604,            0.010341,                   0,            0.009208,            0.009208,            0.009208
                  10,            0.035758,            0.012073,                   0,             0.99518,             0.96065,             0.99348,             0.56373,            0.029201,           0.0094224,                   0,            0.009109,            0.009109,            0.009109
                  11,            0.034744,            0.010749,                   0,             0.98098,             0.98862,             0.99449,             0.58628,            0.028699,           0.0083731,                   0,             0.00901,             0.00901,             0.00901
                  12,            0.034344,            0.010486,                   0,             0.99497,             0.99845,             0.99497,             0.57995,            0.027848,           0.0077582,                   0,            0.008911,            0.008911,            0.008911
                  13,            0.032479,            0.010006,                   0,             0.97413,             0.98811,             0.99385,             0.59672,             0.02625,           0.0073726,                   0,            0.008812,            0.008812,            0.008812
                  14,            0.032713,            0.009456,                   0,             0.99238,             0.99495,             0.99494,             0.58695,            0.025938,           0.0070074,                   0,            0.008713,            0.008713,            0.008713
                  15,              0.0309,           0.0090735,                   0,             0.98895,             0.99294,             0.99465,             0.64708,            0.024579,           0.0069021,                   0,            0.008614,            0.008614,            0.008614
                  16,            0.029873,           0.0085966,                   0,             0.99857,             0.99596,               0.995,             0.70136,            0.021306,           0.0063885,                   0,            0.008515,            0.008515,            0.008515
                  17,            0.030185,           0.0085028,                   0,              0.9872,             0.99899,             0.99464,             0.68291,            0.024308,           0.0063108,                   0,            0.008416,            0.008416,            0.008416
                  18,             0.02885,           0.0081736,                   0,             0.99833,             0.99899,               0.995,             0.64842,            0.022826,           0.0059217,                   0,            0.008317,            0.008317,            0.008317
                  19,            0.027837,            0.008146,                   0,             0.99899,             0.99957,               0.995,             0.65343,            0.023215,           0.0066756,                   0,            0.008218,            0.008218,            0.008218
                  20,            0.027366,           0.0074311,                   0,             0.99951,                   1,               0.995,             0.70727,            0.021022,           0.0056533,                   0,            0.008119,            0.008119,            0.008119
                  21,            0.027573,           0.0076031,                   0,             0.99755,             0.99798,               0.995,             0.69455,            0.022014,           0.0057932,                   0,             0.00802,             0.00802,             0.00802
                  22,            0.027199,           0.0074895,                   0,             0.99899,             0.99997,               0.995,             0.69037,            0.021251,            0.006407,                   0,            0.007921,            0.007921,            0.007921
                  23,             0.02507,           0.0074665,                   0,             0.99891,                   1,               0.995,             0.71208,            0.020455,           0.0052734,                   0,            0.007822,            0.007822,            0.007822
                  24,            0.026035,           0.0074445,                   0,             0.99762,             0.99899,               0.995,             0.72898,            0.020614,           0.0056466,                   0,            0.007723,            0.007723,            0.007723
                  25,            0.024916,           0.0069519,                   0,             0.99887,                   1,               0.995,             0.70579,            0.020542,           0.0051848,                   0,            0.007624,            0.007624,            0.007624
                  26,              0.0236,            0.006824,                   0,             0.99598,             0.99987,             0.99495,             0.72337,            0.020766,           0.0053083,                   0,            0.007525,            0.007525,            0.007525
                  27,            0.023527,            0.006889,                   0,             0.99884,                   1,               0.995,             0.71937,            0.021136,           0.0051923,                   0,            0.007426,            0.007426,            0.007426
                  28,            0.024076,           0.0067417,                   0,             0.99884,                   1,             0.99499,              0.7367,            0.019927,           0.0049532,                   0,            0.007327,            0.007327,            0.007327
                  29,            0.024349,           0.0069004,                   0,             0.99899,             0.99981,             0.99499,             0.69123,            0.020888,           0.0051327,                   0,            0.007228,            0.007228,            0.007228
                  30,            0.024408,           0.0070153,                   0,             0.98817,             0.99798,             0.99464,             0.71256,            0.019857,           0.0056167,                   0,            0.007129,            0.007129,            0.007129
                  31,            0.022635,           0.0065832,                   0,             0.99867,                   1,               0.995,             0.73853,            0.019142,           0.0047981,                   0,             0.00703,             0.00703,             0.00703
                  32,            0.022518,           0.0063592,                   0,             0.99671,                   1,             0.99499,             0.74505,            0.018895,           0.0047619,                   0,            0.006931,            0.006931,            0.006931
                  33,            0.022765,           0.0065805,                   0,             0.99863,                   1,             0.99491,              0.7294,            0.020073,           0.0047566,                   0,            0.006832,            0.006832,            0.006832
                  34,            0.022861,           0.0066454,                   0,             0.99885,                   1,             0.99439,             0.72506,            0.019711,           0.0047052,                   0,            0.006733,            0.006733,            0.006733
                  35,            0.021613,           0.0065404,                   0,             0.99849,                   1,             0.99485,             0.75107,            0.018811,           0.0050664,                   0,            0.006634,            0.006634,            0.006634
                  36,            0.022036,           0.0063847,                   0,             0.99862,                   1,             0.99494,             0.75145,            0.018939,           0.0045714,                   0,            0.006535,            0.006535,            0.006535
                  37,            0.021326,           0.0062599,                   0,             0.99814,                   1,             0.99497,             0.75477,            0.017964,           0.0045725,                   0,            0.006436,            0.006436,            0.006436
                  38,            0.020679,           0.0063321,                   0,             0.99879,                   1,             0.99483,             0.76378,            0.017655,           0.0044876,                   0,            0.006337,            0.006337,            0.006337
                  39,            0.021268,           0.0060787,                   0,             0.99877,                   1,             0.99497,             0.75415,            0.018535,           0.0045511,                   0,            0.006238,            0.006238,            0.006238
                  40,            0.021128,           0.0060772,                   0,             0.99885,                   1,               0.995,             0.75664,            0.018121,           0.0045439,                   0,            0.006139,            0.006139,            0.006139
                  41,            0.021404,           0.0061725,                   0,             0.99885,                   1,             0.99487,             0.74407,            0.018716,           0.0045497,                   0,             0.00604,             0.00604,             0.00604
                  42,            0.020492,           0.0058775,                   0,             0.99888,                   1,               0.995,             0.75518,            0.018262,           0.0045684,                   0,            0.005941,            0.005941,            0.005941
                  43,            0.020454,           0.0060758,                   0,             0.99865,                   1,             0.99477,             0.75499,            0.018393,           0.0043973,                   0,            0.005842,            0.005842,            0.005842
                  44,            0.019712,           0.0058162,                   0,              0.9989,                   1,             0.99473,             0.77607,            0.017869,           0.0043692,                   0,            0.005743,            0.005743,            0.005743
                  45,            0.019751,           0.0059076,                   0,             0.99569,                   1,             0.99474,             0.76037,            0.017982,           0.0045283,                   0,            0.005644,            0.005644,            0.005644
                  46,            0.020644,           0.0060072,                   0,             0.99883,                   1,              0.9949,             0.76271,            0.017871,           0.0043955,                   0,            0.005545,            0.005545,            0.005545
                  47,            0.019653,           0.0057738,                   0,             0.99885,                   1,             0.99499,             0.76341,            0.017975,            0.004343,                   0,            0.005446,            0.005446,            0.005446
                  48,            0.020231,           0.0058599,                   0,             0.99855,                   1,             0.99479,             0.76492,            0.017674,           0.0043713,                   0,            0.005347,            0.005347,            0.005347
                  49,            0.019441,            0.005722,                   0,             0.99891,                   1,             0.99499,             0.76145,            0.017674,           0.0043278,                   0,            0.005248,            0.005248,            0.005248
                  50,            0.019536,           0.0056082,                   0,             0.99882,                   1,             0.99489,             0.76826,            0.017878,           0.0043178,                   0,            0.005149,            0.005149,            0.005149
                  51,            0.019304,           0.0056955,                   0,             0.99882,                   1,             0.99484,             0.77514,            0.017379,           0.0042892,                   0,             0.00505,             0.00505,             0.00505
                  52,            0.019467,            0.005641,                   0,             0.99879,                   1,             0.99491,              0.7704,            0.017448,           0.0043028,                   0,            0.004951,            0.004951,            0.004951
                  53,            0.019422,           0.0059075,                   0,             0.99891,                   1,             0.99479,             0.77347,            0.017654,           0.0042781,                   0,            0.004852,            0.004852,            0.004852
                  54,            0.019001,           0.0057109,                   0,             0.99879,                   1,               0.995,             0.76959,            0.017433,           0.0043427,                   0,            0.004753,            0.004753,            0.004753
                  55,            0.019097,           0.0055159,                   0,             0.99888,                   1,             0.99499,             0.77016,            0.017263,           0.0042215,                   0,            0.004654,            0.004654,            0.004654
                  56,            0.019071,           0.0054983,                   0,              0.9989,                   1,             0.99476,             0.78046,            0.017211,           0.0041694,                   0,            0.004555,            0.004555,            0.004555
                  57,            0.018842,           0.0057417,                   0,             0.99885,                   1,             0.99497,               0.774,            0.017149,           0.0042506,                   0,            0.004456,            0.004456,            0.004456
                  58,            0.018796,           0.0054618,                   0,             0.99883,                   1,             0.99498,             0.77474,            0.017358,           0.0042081,                   0,            0.004357,            0.004357,            0.004357
                  59,            0.018527,           0.0055973,                   0,             0.99879,                   1,             0.99494,              0.7764,            0.017193,           0.0041645,                   0,            0.004258,            0.004258,            0.004258
                  60,            0.018378,           0.0055352,                   0,              0.9988,                   1,             0.99493,             0.77597,            0.017004,           0.0042106,                   0,            0.004159,            0.004159,            0.004159
                  61,            0.018264,           0.0056377,                   0,             0.99887,                   1,             0.99485,             0.77983,            0.017143,           0.0041558,                   0,             0.00406,             0.00406,             0.00406
                  62,            0.018488,           0.0055815,                   0,             0.99884,                   1,               0.995,             0.77839,            0.017043,           0.0041407,                   0,            0.003961,            0.003961,            0.003961
                  63,            0.018388,           0.0054485,                   0,             0.99884,                   1,             0.99499,             0.78148,            0.016781,           0.0041715,                   0,            0.003862,            0.003862,            0.003862
                  64,            0.018449,           0.0055268,                   0,             0.99886,                   1,              0.9949,             0.78387,            0.016793,           0.0041401,                   0,            0.003763,            0.003763,            0.003763
                  65,            0.018318,           0.0054592,                   0,              0.9988,                   1,             0.99499,             0.77995,            0.016845,           0.0041152,                   0,            0.003664,            0.003664,            0.003664
                  66,             0.01833,           0.0057035,                   0,              0.9988,                   1,             0.99491,             0.78221,            0.017102,           0.0041031,                   0,            0.003565,            0.003565,            0.003565
                  67,             0.01854,           0.0055863,                   0,             0.99862,                   1,             0.99492,             0.78167,            0.016917,           0.0040962,                   0,            0.003466,            0.003466,            0.003466
                  68,            0.018098,           0.0052081,                   0,             0.99889,                   1,             0.99491,             0.78171,             0.01696,           0.0041328,                   0,            0.003367,            0.003367,            0.003367
                  69,            0.018222,           0.0055709,                   0,             0.99887,                   1,               0.995,             0.77694,            0.016797,           0.0041334,                   0,            0.003268,            0.003268,            0.003268
                  70,             0.01807,           0.0052782,                   0,             0.99881,                   1,             0.99495,             0.78333,            0.016634,            0.004102,                   0,            0.003169,            0.003169,            0.003169
                  71,            0.017999,             0.00523,                   0,             0.99882,                   1,               0.995,              0.7843,            0.016789,           0.0040801,                   0,             0.00307,             0.00307,             0.00307
                  72,             0.01794,           0.0052931,                   0,             0.99888,                   1,             0.99499,             0.78622,            0.016457,           0.0040561,                   0,            0.002971,            0.002971,            0.002971
                  73,            0.017575,           0.0054949,                   0,              0.9988,                   1,               0.995,             0.78883,            0.016529,            0.004043,                   0,            0.002872,            0.002872,            0.002872
                  74,            0.017725,           0.0053546,                   0,             0.99974,                   1,               0.995,             0.78312,            0.016963,           0.0040383,                   0,            0.002773,            0.002773,            0.002773
                  75,             0.01784,           0.0053214,                   0,             0.99861,                   1,             0.99493,             0.78592,            0.016505,           0.0040896,                   0,            0.002674,            0.002674,            0.002674
                  76,            0.017592,           0.0053274,                   0,             0.99892,                   1,               0.995,             0.78308,               0.017,           0.0040417,                   0,            0.002575,            0.002575,            0.002575
                  77,            0.017566,           0.0053909,                   0,             0.99885,                   1,               0.995,             0.78408,            0.016689,           0.0040595,                   0,            0.002476,            0.002476,            0.002476
                  78,            0.017814,           0.0053197,                   0,             0.99891,                   1,               0.995,             0.78649,            0.016436,           0.0040385,                   0,            0.002377,            0.002377,            0.002377
                  79,             0.01731,           0.0050407,                   0,             0.99882,                   1,             0.99498,             0.79139,            0.016442,           0.0040271,                   0,            0.002278,            0.002278,            0.002278
                  80,            0.017461,            0.005219,                   0,             0.99887,                   1,             0.99481,             0.78439,            0.016903,           0.0040654,                   0,            0.002179,            0.002179,            0.002179
                  81,             0.01706,           0.0053615,                   0,             0.99881,                   1,             0.99482,             0.79027,            0.016608,           0.0040217,                   0,             0.00208,             0.00208,             0.00208
                  82,            0.017361,           0.0054874,                   0,              0.9989,                   1,             0.99492,             0.79372,            0.016378,           0.0039829,                   0,            0.001981,            0.001981,            0.001981
                  83,            0.017171,           0.0051761,                   0,             0.99887,                   1,             0.99479,             0.79326,            0.016217,           0.0039844,                   0,            0.001882,            0.001882,            0.001882
                  84,            0.017324,           0.0053466,                   0,             0.99885,                   1,             0.99491,             0.78997,            0.016625,           0.0039996,                   0,            0.001783,            0.001783,            0.001783
                  85,            0.017205,           0.0050532,                   0,             0.99886,                   1,             0.99497,             0.78942,            0.016349,           0.0039722,                   0,            0.001684,            0.001684,            0.001684
                  86,            0.017249,           0.0053029,                   0,             0.99884,                   1,              0.9949,             0.79301,            0.016348,           0.0039998,                   0,            0.001585,            0.001585,            0.001585
                  87,            0.016989,            0.005184,                   0,             0.99887,                   1,              0.9949,             0.79332,            0.016276,           0.0039677,                   0,            0.001486,            0.001486,            0.001486
                  88,            0.017147,           0.0048697,                   0,             0.99889,                   1,             0.99498,             0.79402,            0.016254,           0.0039654,                   0,            0.001387,            0.001387,            0.001387
                  89,            0.017134,           0.0052137,                   0,             0.99883,                   1,               0.995,             0.79608,            0.016261,           0.0039439,                   0,            0.001288,            0.001288,            0.001288
                  90,            0.017016,           0.0051907,                   0,             0.99878,                   1,             0.99496,             0.80022,            0.016275,           0.0039402,                   0,            0.001189,            0.001189,            0.001189
                  91,            0.016978,           0.0051915,                   0,             0.99891,                   1,             0.99496,             0.79556,            0.016086,           0.0039692,                   0,             0.00109,             0.00109,             0.00109
                  92,            0.017058,           0.0050644,                   0,             0.99891,                   1,             0.99497,             0.79466,             0.01614,           0.0039374,                   0,            0.000991,            0.000991,            0.000991
                  93,            0.017353,           0.0052642,                   0,              0.9989,                   1,             0.99496,             0.79738,            0.016076,           0.0039344,                   0,            0.000892,            0.000892,            0.000892
                  94,            0.016505,           0.0052383,                   0,             0.99891,                   1,             0.99497,             0.80019,            0.015998,           0.0039287,                   0,            0.000793,            0.000793,            0.000793
                  95,            0.016879,           0.0051087,                   0,             0.99889,                   1,             0.99491,             0.79389,            0.016281,           0.0039227,                   0,            0.000694,            0.000694,            0.000694
                  96,            0.017067,           0.0052991,                   0,              0.9989,                   1,             0.99491,             0.80031,            0.016144,           0.0039226,                   0,            0.000595,            0.000595,            0.000595
                  97,            0.016716,           0.0052736,                   0,             0.99889,                   1,             0.99496,             0.80245,             0.01593,           0.0039102,                   0,            0.000496,            0.000496,            0.000496
                  98,            0.016728,            0.005108,                   0,              0.9989,                   1,             0.99498,             0.80399,            0.015818,           0.0038985,                   0,            0.000397,            0.000397,            0.000397
                  99,            0.016767,           0.0050483,                   0,              0.9989,                   1,             0.99498,             0.80122,            0.015878,           0.0039092,                   0,            0.000298,            0.000298,            0.000298
